name,latitude,longitude,region,y_coord,x_coord
Новокосино,55.745113,37.864052,msc,-0.7666683051840542,15.466723184232118
Новогиреево,55.752237,37.814587,msc,0.02649828102074617,12.360734651223853
Перово,55.75098,37.78422,msc,-0.1134527125181099,10.453940077414767
Шоссе Энтузиастов,55.75809,37.751703,msc,0.6781559120335268,8.4121428642354
Авиамоторная,55.751933,37.717444,msc,-0.0073482626206707894,6.2609620376946715
Площадь Ильича,55.747115,37.680726,msc,-0.5437712193621285,3.955376001523987
Марксистская,55.740746,37.65604,msc,-1.252877628840536,2.4052996634531243
Третьяковская,55.741125,37.626142,msc,-1.2106808636779391,0.5279527963055793
Ховрино,55.8777,37.4877,msc,13.995355591622783,-8.165057551098462
Беломорская,55.8651,37.4764,msc,12.592478031324273,-8.874603667022575
Речной вокзал,55.854152,37.476728,msc,11.37353565399564,-8.854007992961225
Водный стадион,55.838978,37.487515,msc,9.684077112202198,-8.176674014507638
Войковская,55.818923,37.497791,msc,7.4511791679134705,-7.531426544411318
Сокол,55.805564,37.515245,msc,5.963809330966348,-6.435460186082163
Аэропорт,55.800441,37.530477,msc,5.393423512487462,-5.4790169045669055
Динамо,55.789704,37.558212,msc,4.197986350138114,-3.737488748265186
Белорусская,55.777439,37.582107,msc,2.832427144810969,-2.237080646818815
Маяковская,55.769808,37.596192,msc,1.9828090998786014,-1.3526592648918014
Тверская,55.765343,37.603918,msc,1.4856867288554751,-0.867530426516614
Театральная,55.758808,37.61768,msc,0.7580961872548724,-0.003390752975412201
Новокузнецкая,55.742391,37.62928,msc,-1.0697280618428475,0.7249932187004504
Павелецкая,55.729741,37.638693,msc,-2.478141395472687,1.316051691531446
Автозаводская,55.706634,37.657008,msc,-5.050798435501166,2.466082047745392
Технопарк,55.695,37.664167,msc,-6.346085871819184,2.915607962357884
Коломенская,55.677423,37.663719,msc,-8.303040724298894,2.8874772725685
Каширская,55.655745,37.649683,msc,-10.716577206954312,2.006132701021337
Кантемировская,55.636107,37.656218,msc,-12.902981342441791,2.416476589499559
Царицыно,55.620982,37.669612,msc,-14.586924119045525,3.2575088658715585
Орехово,55.61269,37.695214,msc,-15.510112659610398,4.865102349330751
Домодедовская,55.610131,37.717111,msc,-15.795018276083004,6.2400523997365385
Красногвардейская,55.614075,37.742697,msc,-15.355913985705063,7.846640864698612
Алма-Атинская,55.63349,37.765678,msc,-13.194345492425375,9.289656721960343
Медведково,55.888103,37.661562,msc,15.153622473260786,2.752035535821711
Бабушкинская,55.870641,37.664341,msc,13.20940978328511,2.9265337213304985
Свиблово,55.855558,37.653379,msc,11.530078551791274,2.238210897773573
Ботанический сад,55.844597,37.637811,msc,10.309690670043048,1.2606693935381084
ВДНХ,55.819626,37.640751,msc,7.529450161147348,1.44527705330411
Алексеевская,55.807794,37.638699,msc,6.2120937620990935,1.316428441857691
Рижская,55.792494,37.636114,msc,4.508619442557489,1.154111842722758
Проспект Мира,55.781827,37.633199,msc,3.320977485518746,0.9710739751347666
Сухаревская,55.772315,37.63285,msc,2.261932615145255,0.9491596643708912
Тургеневская,55.765371,37.636732,msc,1.488804180441374,1.1929171264231686
Китай-город,55.756498,37.631326,msc,0.5009067559404264,0.8534650809094729
Третьяковская,55.74073,37.625624,msc,-1.254659022562893,0.49542668448576654
Октябрьская,55.731232,37.612851,msc,-2.3121380467992827,-0.30661197733215584
Шаболовская,55.718828,37.607892,msc,-3.693159975585132,-0.6179961251258206
Ленинский проспект,55.70678,37.58499,msc,-5.034543308434783,-2.0560521184680605
Академическая,55.687147,37.5723,msc,-7.220409061613481,-2.8528790357547695
Профсоюзная,55.677671,37.562595,msc,-8.275429407581635,-3.462272655300101
Новые Черемушки,55.670077,37.554493,msc,-9.120914136865077,-3.9710111386236013
Калужская,55.656682,37.540075,msc,-10.612255782566917,-4.876342065767477
Беляево,55.642357,37.526115,msc,-12.207135999697966,-5.752914337906597
Коньково,55.631857,37.519156,msc,-13.376155767945729,-6.189881826830689
Теплый Стан,55.61873,37.505912,msc,-14.837650315828446,-7.02149515016371
Ясенево,55.606182,37.5334,msc,-16.234678955483254,-5.295476736991001
Новоясеневская,55.601947,37.553017,msc,-16.706181038720413,-4.063691710083357
Бульвар Рокоссовского,55.814916,37.732227,msc,7.005045812279159,7.189211783131212
Черкизовская,55.802787,37.744863,msc,5.654622971009827,7.982647677828664
Преображенская площадь,55.796322,37.713582,msc,4.934821636810416,6.018460468554287
Сокольники,55.789282,37.679895,msc,4.151001715538255,3.903196086050689
Красносельская,55.780014,37.666097,msc,3.119121980861106,3.0367959782866447
Комсомольская,55.774072,37.654565,msc,2.4575529532181393,2.3126818772461606
Красные ворота,55.768307,37.6478,msc,1.8156913260799337,1.8878958918895383
Чистые пруды,55.76499,37.638293,msc,1.4463845725868365,1.2909350031052946
Лубянка,55.759889,37.625336,msc,0.8784519675411521,0.47734266864439096
Охотный ряд,55.757228,37.615078,msc,0.5821830592150906,-0.16677481300694172
Библиотека им.Ленина,55.752123,37.610388,msc,0.013805826957372352,-0.46126798789501744
Кропоткинская,55.745297,37.604217,msc,-0.7461822623846521,-0.8487557017991945
Парк культуры,55.736163,37.595027,msc,-1.7631354022852332,-1.42581161982022
Фрунзенская,55.727462,37.58022,msc,-2.7318781592332964,-2.3555686216722895
Спортивная,55.722388,37.562041,msc,-3.2968011797241403,-3.497059266380483
Воробьевы горы,55.709169,37.557293,msc,-4.768560386320849,-3.7951943351684947
Университет,55.69329,37.534511,msc,-6.5364708721240286,-5.225715146845687
Проспект Вернадского,55.676549,37.504584,msc,-8.400348339584973,-7.104882529220643
Юго-Западная,55.663146,37.482852,msc,-9.892582253728708,-8.46947167925702
Тропарево,55.6459,37.4725,msc,-11.812674874934824,-9.119491251105455
Румянцево,55.633,37.4419,msc,-13.248899713709253,-11.040916645000074
Саларьево,55.6227,37.424,msc,-14.395650697028334,-12.164887465370427
Филатов луг,55.5997,37.4075,msc,-16.956349779553967,-13.2009497742087
Прокшино,55.5813,37.4425,msc,-19.00490208507225,-11.003241642141093
Ольховая,55.5692,37.4589,msc,-20.352044521725094,-9.9734581532571
Коммунарка,55.559765,37.468716,msc,-21.402479762731087,-9.357094992456748
Щелковская,55.809962,37.798261,msc,6.453475304897714,11.335597951834815
Первомайская,55.794376,37.799364,msc,4.7181576875440445,11.404857161860253
Измайловская,55.787713,37.779896,msc,3.9763124272160852,10.182428863245294
Партизанская,55.788401,37.74882,msc,4.052912950924717,8.231114413103088
Семеновская,55.783096,37.719289,msc,3.462265240645034,6.376812733832833
Электрозаводская,55.782057,37.7053,msc,3.3465851930954793,5.498419542736317
Бауманская,55.772405,37.67904,msc,2.2719530067345004,3.849509169261905
Курская,55.758564,37.659039,msc,0.7309298531172627,2.593612029270169
Площадь Революции,55.756741,37.62236,msc,0.527961743485668,0.2904745048472607
Арбатская,55.752312,37.60349,msc,0.03484857987524369,-0.8944052832958274
Смоленская,55.747713,37.583802,msc,-0.47719155617168507,-2.1306486817716204
Киевская,55.743117,37.564132,msc,-0.9888972949938865,-3.365761786365366
Парк Победы,55.735679,37.516865,msc,-1.8170225198585133,-6.333737624179542
Славянский бульвар,55.729542,37.470973,msc,-2.5002974396104536,-9.215374157071317
Кунцевская,55.730673,37.446522,msc,-2.3743753901890123,-10.750693534358376
Молодежная,55.741375,37.415627,msc,-1.1828465844315081,-12.690642015823153
Крылатское,55.756842,37.408139,msc,0.5392068209301186,-13.160825909998293
Строгино,55.803831,37.402405,msc,5.770860102451517,-13.520873219740821
Мякинино,55.823342,37.385214,msc,7.943184323353765,-14.600324299744532
Волоколамская,55.835154,37.382453,msc,9.258317297803362,-14.773691996771799
Митино,55.846098,37.36122,msc,10.476810530737652,-16.106946526346583
Пятницкое шоссе,55.853634,37.353108,msc,11.315861963883703,-16.616312073462012
Кунцевская,55.730815,37.446754,msc,-2.358565546791275,-10.736125866003503
Пионерская,55.736027,37.466728,msc,-1.7782772374079059,-9.481924862244826
Филевский парк,55.739665,37.483902,msc,-1.3732330317064507,-8.403540402365829
Багратионовская,55.743544,37.497042,msc,-0.9413563298372202,-7.578457526302146
Фили,55.746763,37.514035,msc,-0.5829619210663054,-6.511438148412056
Кутузовская,55.740544,37.5341,msc,-1.2753677242423096,-5.251522539819031
Студенческая,55.738761,37.54842,msc,-1.4738817518715581,-4.352345221311301
Киевская,55.743168,37.565425,msc,-0.9832191002678395,-3.284572096042895
Смоленская,55.749083,37.582173,msc,-0.3246595272837392,-2.2329363933189037
Арбатская,55.752122,37.601553,msc,0.01369448964229841,-1.0160328476278797
Александровский сад,55.752255,37.608775,msc,0.02850235273673324,-0.5625510349317443
Выставочная,55.750243,37.542641,msc,-0.1955082935787323,-4.715218532165191
Международная,55.748324,37.533282,msc,-0.40916450226141066,-5.302886158786734
Алтуфьево,55.899034,37.586473,msc,16.370678838246775,-1.9629319975671649
Бибирево,55.883868,37.603011,msc,14.682098613092332,-0.9244825178586538
Отрадное,55.864273,37.605066,msc,12.500400375090663,-0.7954455302554723
Владыкино,55.848236,37.590451,msc,10.714853414497291,-1.7131465339491236
Петровско-Разумовская,55.836565,37.575512,msc,9.415416403327415,-2.6511920355184078
Тимирязевская,55.81866,37.574498,msc,7.421897134352253,-2.714862838367296
Дмитровская,55.808056,37.581734,msc,6.241264405248804,-2.2605019582570707
Савёловская,55.794054,37.587163,msc,4.682306824898293,-1.9196057106244766
Менделеевская,55.781999,37.599141,msc,3.3401275971805853,-1.1674864793402095
Цветной бульвар,55.771653,37.620466,msc,2.1882270726563666,0.17154698386044406
Чеховская,55.765747,37.608493,msc,1.5306671031224584,-0.5802583004322022
Боровицкая,55.750399,37.60934,msc,-0.17813967751828777,-0.5270737122019779
Полянка,55.736795,37.618594,msc,-1.692770399352639,0.05400088072070435
Серпуховская,55.726548,37.624792,msc,-2.833640046644312,0.443183972050262
Тульская,55.70961,37.622569,msc,-4.71946097407614,0.30359797468913885
Нагатинская,55.682099,37.620917,msc,-7.7824336120323405,0.19986605037147037
Нагорная,55.672962,37.610397,msc,-8.799710225592316,-0.4607028623999822
Нахимовский проспект,55.662379,37.605274,msc,-9.977976723793164,-0.7823848521812355
Севастопольская,55.651451,37.59809,msc,-11.194651917886178,-1.2334805782913394
Чертановская,55.640538,37.606065,msc,-12.409654901859591,-0.7327166004505803
Южная,55.622436,37.609047,msc,-14.425043123941403,-0.5454716866456112
Пражская,55.610962,37.602386,msc,-15.702499114802542,-0.9637273437330378
Улица Академика Янгеля,55.596753,37.601498,msc,-17.284452567694135,-1.0194863923017423
Аннино,55.583477,37.596999,msc,-18.762527496472263,-1.3019863460141727
Бульвар Дмитрия Донского,55.568201,37.576856,msc,-20.46326715369766,-2.5667999652528075
Планерная,55.859676,37.436808,msc,11.988573533559554,-11.360651827530075
Сходненская,55.84926,37.44076,msc,10.828864628723258,-11.112499149861026
Тушинская,55.825479,37.437024,msc,8.181114982146708,-11.347088827165305
Спартак,55.8182,37.4352,msc,7.370681413281726,-11.46162082937546
Щукинская,55.8094,37.463241,msc,6.390903143973576,-9.70087946312938
Октябрьское поле,55.793581,37.493317,msc,4.629643915182044,-7.81235659848139
Полежаевская,55.777201,37.517895,msc,2.8059287544173386,-6.26906216770447
Беговая,55.773505,37.545518,msc,2.3944244714343905,-4.534566774138751
Улица 1905 года,55.763944,37.562271,msc,1.3299255053169252,-3.48261717153427
Баррикадная,55.760793,37.581242,msc,0.9791010360565565,-2.291395484310789
Пушкинская,55.765607,37.604356,msc,1.5150798443773272,-0.840027652514173
Кузнецкий мост,55.761498,37.624423,msc,1.0575939593466845,0.4200138267469408
Китай-город,55.75436,37.633877,msc,0.26286744691981867,1.013646762217119
Таганская,55.739502,37.653605,msc,-1.3913809768200127,2.2524018264210173
Пролетарская,55.731546,37.666917,msc,-2.2771782485491743,3.0882851869498356
Волгоградский проспект,55.725546,37.685197,msc,-2.9451995599681595,4.236117758462052
Текстильщики,55.709211,37.732117,msc,-4.76388425197528,7.18230469609015
Кузьминки,55.705493,37.763295,msc,-5.177833353486946,9.140024132830122
Рязанский проспект,55.716139,37.792694,msc,-3.992544317249663,10.986036724100545
Выхино,55.715983,37.816788,msc,-4.009912835810425,12.498939089933607
Лермонтовский проспект,55.702036,37.851044,msc,-5.5627234025554095,14.64992968992683
Жулебино,55.684722,37.855833,msc,-7.490399122595348,14.950638810801673
Котельники,55.6743,37.8582,msc,-8.650742814120473,15.099266594820342
Новослободская,55.779606,37.601252,msc,3.0736961502347118,-1.0349331557490427
Проспект Мира,55.779584,37.633646,msc,3.0712467182784646,0.9991418745855873
Комсомольская,55.775672,37.654772,msc,2.635693321430946,2.3256797631911073
Курская,55.758631,37.661059,msc,0.7383894611534659,2.720451301332495
Таганская,55.742396,37.653334,msc,-1.0691713761538126,2.2353852703872774
Павелецкая,55.731414,37.636294,msc,-2.2918747244658126,1.1654143525407785
Добрынинская,55.728994,37.622533,msc,-2.5613100599393497,0.3013374727067408
Октябрьская,55.729264,37.611049,msc,-2.5312490980540963,-0.41976265985989974
Парк культуры,55.735221,37.593095,msc,-1.868014870980676,-1.5471252245072895
Киевская,55.74361,37.56735,msc,-0.9340080773153653,-3.1636980399308676
Краснопресненская,55.760378,37.577114,msc,0.9328959861603362,-2.550599701736283
Белорусская,55.775179,37.582303,msc,2.5808038155001967,-2.2247734697562374
Физтех,55.921389,37.546389,msc,18.859688906852877,-4.479875191810348
Лианозово,55.931111,37.543611,msc,19.942141124124046,-4.654310570871069
Яхромская,55.8775,37.545833,msc,13.973087671262318,-4.514787384453739
Селигерская,55.86483,37.55005,msc,12.562416400954156,-4.24999472732405
Верхние Лихоборы,55.85566,37.56282,msc,11.541435150329463,-3.4481445190151763
Окружная,55.848889,37.571111,msc,10.787557829175753,-2.927538388821689
Петровско-Разумовская,55.836667,37.575556,msc,9.426772966578024,-2.6484291998888887
Фонвизинская,55.822778,37.588056,msc,7.880389348201681,-1.863532704408955
Бутырская ,55.813333,37.602778,msc,6.828797052882011,-0.9391129889469703
Марьина Роща,55.793723,37.61618,msc,4.645453921475498,-0.09757833562604863
Достоевская,55.781667,37.613889,msc,3.3031634286421316,-0.2414341701687429
Трубная,55.76771,37.621926,msc,1.7492227759013563,0.26322289761358536
Сретенский бульвар,55.766106,37.635688,msc,1.5706372896857743,1.1273625694792664
Чкаловская,55.755951,37.659293,msc,0.4400052035543267,2.609561125886923
Римская,55.747027,37.679996,msc,-0.5535688950001378,3.9095380493107488
Крестьянская застава,55.732278,37.665325,msc,-2.19567960360587,2.9883207719846374
Дубровка,55.71807,37.676259,msc,-3.7775531949567625,3.6748854073366073
Кожуховская,55.706156,37.68544,msc,-5.104017273446753,4.251376145038335
Печатники,55.692921,37.728338,msc,-6.57755394413708,6.9450148576611745
Волжская,55.690446,37.754314,msc,-6.853111070223702,8.576091971714433
Люблино,55.676596,37.761639,msc,-8.395115550558994,9.036041098253706
Братиславская,55.658817,37.748415,msc,-10.37455429144699,8.205683777121084
Марьино,55.649158,37.743844,msc,-11.44994412094681,7.918662940036469
Борисово,55.6325,37.743333,msc,-13.304567281928206,7.886576383435509
Шипиловская,55.621667,37.743611,msc,-14.51065969356386,7.904032474906882
Зябликово,55.611944,37.745278,msc,-15.593168392908426,8.008706231369212
Каширская,55.654327,37.647705,msc,-10.874451007605485,1.881930678461726
Варшавская,55.653294,37.619522,msc,-10.989460600900403,0.11227159851918087
Каховская,55.652923,37.596573,msc,-11.030766074471757,-1.32873561918196
Бунинская аллея,55.537977,37.515899,msc,-23.82821631251589,-6.394394411197078
Улица Горчакова,55.542281,37.532063,msc,-23.34903717179371,-5.379429253213031
Бульвар Адмирала Ушакова,55.545207,37.542329,msc,-23.02327532272997,-4.734809546470821
Улица Скобелевская,55.548103,37.552721,msc,-22.70085332477731,-4.082278057692125
Улица Старокачаловская,55.569194,37.576074,msc,-20.352712525574557,-2.6159030894999096
Лесопарковая,55.581656,37.577816,msc,-18.96526711004102,-2.5065199149147945
Битцевский Парк,55.600066,37.556058,msc,-16.915601339408298,-3.872742104030453
Деловой центр,55.7491,37.5395,msc,-0.3227667938639571,-4.9124473000773365
Пыхтино,55.625,37.298056,msc,-14.139580257174131,-20.07311424111744
Парк Победы,55.736478,37.514401,msc,-1.7280642387596865,-6.48845638465197
Минская,55.7232,37.5038,msc,-3.2063957141260686,-7.154111222575327
Ломоносовский проспект,55.7055,37.5225,msc,-5.177053998233972,-5.9799063605443346
Раменки,55.6961,37.505,msc,-6.223615960371195,-7.078761181633962
Мичуринский проспект,55.6888,37.485,msc,-7.0363704141911505,-8.334595123729756
Озёрная,55.6698,37.4495,msc,-9.15175415778482,-10.563699927079462
Говорово,55.6588,37.4174,msc,-10.376446996857235,-12.579312410407708
Солнцево,55.649,37.3911,msc,-11.467535119628142,-14.23073273225288
Боровское шоссе,55.647,37.3701,msc,-11.690205949593162,-15.549356958939311
Новопеределкино,55.6385,37.3544,msc,-12.63655616190586,-16.535185316023977
Рассказовка,55.6324,37.3328,msc,-13.315700795024194,-17.891483853007767
Окружная,55.848889,37.571111,msc,10.787557829175753,-2.927538388821689
Владыкино,55.847222,37.591944,msc,10.601955609856127,-1.6193984950670846
Ботанический сад,55.845556,37.640278,msc,10.416464780171115,1.415576569308691
Ростокино,55.839444,37.667778,msc,9.735961040848613,3.14234885593006
Белокаменная,55.83,37.700556,msc,8.684477216304275,5.200535670932244
Бульвар Рокоссовского,55.817222,37.736944,msc,7.2617923495624375,7.485400229477664
Локомотив,55.803219,37.745742,msc,5.702721091955414,8.037841577893694
Измайлово,55.788611,37.742778,msc,4.076293926449647,7.8517269920942105
Соколиная Гора,55.77,37.745278,msc,2.004185926673124,8.008706231369212
Шоссе Энтузиастов,55.758633,37.748477,msc,0.7386121360209339,8.209576862140143
Андроновка,55.741111,37.734444,msc,-1.2122395832819268,7.328420981888791
Нижегородская,55.732222,37.72825,msc,-2.2019144729634545,6.939489187902972
Новохохловская,55.723889,37.716111,msc,-3.12968466306866,6.177260693939898
Угрешская,55.718333,37.697778,msc,-3.748271643776519,5.026100297957924
Дубровка,55.71268,37.677775,msc,-4.377657711112034,3.770077648832623
Автозаводская,55.70631,37.66314,msc,-5.086871455818017,2.8511208676395974
ЗИЛ,55.698333,37.648333,msc,-5.975001972216535,1.921363878791226
Верхние Котлы,55.69,37.618889,msc,-6.902767009136645,0.07252443864198459
Крымская,55.690038,37.605,msc,-6.898536234213076,-0.7995897838750405
Площадь Гагарина,55.706944,37.585833,msc,-5.016284124143231,-2.0031186984559537
Лужники,55.720278,37.563056,msc,-3.531721729901952,-3.4333256738354128
Кутузовская,55.740833,37.533333,msc,-1.2431913003937625,-5.299683781570473
Деловой центр,55.747222,37.532222,msc,-0.5318581362932681,-5.369445371355015
Шелепиха,55.7575,37.525556,msc,0.6124668349747985,-5.788014902662332
Хорошево,55.777222,37.507222,msc,2.8082668476459687,-6.939238021095454
Зорге,55.787778,37.504444,msc,3.9835493949310035,-7.113673367336485
Панфиловская,55.799167,37.498889,msc,5.251578665274588,-7.462481259480082
Стрешнево,55.813611,37.486944,msc,6.859749137455642,-8.212528071749961
Балтийская,55.825833,37.496111,msc,8.220528866273204,-7.636916596942174
Коптево,55.839637,37.520037,msc,9.757449450223143,-6.134562333814413
Лихоборы,55.847222,37.551389,msc,10.601955609856127,-4.165916621700277
Тимирязевская,55.819049,37.578882,msc,7.4652078232215855,-2.439583942211085
Улица Милашенкова,55.821876,37.591206,msc,7.779961935447543,-1.6657387849070153
Телецентр,55.821795,37.608975,msc,7.770943509971938,-0.5499926906037284
Улица Академика Королёва,55.821821,37.627167,msc,7.773838313197421,0.5923143109847436
Выставочный центр,55.824086,37.638494,msc,8.026020256890012,1.3035561390408554
Улица Сергея Эйзенштейна,55.829305,37.644997,msc,8.607096799968192,1.7118906995381054
Мичуринский проспект,55.688333,37.485,msc,-7.0883643988865765,-8.334595123729756
Проспект Вернадского,55.677778,37.505,msc,-8.263516460101664,-7.078761181633962
Новаторская,55.670833,37.52,msc,-9.036744253143905,-6.136885626942621
Воронцовская,55.658333,37.540833,msc,-10.428440725769974,-4.828745948062768
Зюзино,55.655158,37.575786,msc,-10.781931175429706,-2.6339871045468346
Каховская,55.653056,37.598333,msc,-11.015958452160252,-1.2182221900530652
Варшавская,55.653333,37.619444,msc,-10.985118515931372,0.10737384422150342
Каширская,55.655,37.648611,msc,-10.799522191423794,1.9388199770138426
Кленовый бульвар,55.674444,37.680833,msc,-8.634710445019007,3.962094715058401
Нагатинский Затон,55.684444,37.703611,msc,-7.521350553655084,5.392364345421711
Печатники,55.694722,37.7275,msc,-6.377037355032992,6.8923954114401775
Текстильщики,55.708333,37.728333,msc,-4.861637720431131,6.944700899152151
Нижегородская,55.7325,37.728611,msc,-2.170962799519352,6.962156992234505
Авиамоторная,55.753056,37.718611,msc,0.11768355007187532,6.334239957821221
Лефортово,55.764444,37.702778,msc,1.3855942730330761,5.3400588511276945
Электрозаводская,55.782057,37.7053,msc,3.3465851930954793,5.498419542736317
Сокольники,55.791111,37.678889,msc,4.354638934924097,3.8400276201995833
Рижская,55.792222,37.633889,msc,4.478335493255512,1.0144002628735556
Марьина Роща,55.798333,37.617222,msc,5.1587226353191875,-0.03214936154540327
Савёловская,55.794054,37.587163,msc,4.682306824898293,-1.9196057106244766
Петровский парк,55.79233,37.55952,msc,4.490360002374988,-3.655357183597417
ЦСКА,55.78643,37.53502,msc,3.8334658341086794,-5.1937541661896685
Хорошевская,55.77643,37.51981,msc,2.720087337165235,-6.148816051108157
Шелепиха,55.75723,37.52571,msc,0.5824057340323961,-5.778344979644425
Деловой центр,55.7491,37.5395,msc,-0.3227667938639571,-4.9124473000773365
Народное Ополчение,55.775278,39.484444,msc,2.591826251426691,117.21039262226972
Мнёвники,55.761153,37.47139,msc,1.0191825276677375,-9.189190023725516
Терехово,55.749167,38.460556,msc,-0.31530719739086727,52.921918495259476
Кунцевская,55.730278,37.445833,msc,-2.4183534737612478,-10.793956997528388
Давыдково,55.765278,37.451667,msc,1.4784497877289193,-10.427630364919088
Аминьевская,55.697222,37.464167,msc,-6.098696627945373,-9.642734364662804
Косино,55.7026,37.8511,msc,-5.499929669201732,14.653446021364788
Улица Дмитриевского,55.7093,37.8792,msc,-4.753975300514775,16.417890589883864
Лухмановская,55.7078,37.9004,msc,-4.920980081093762,17.749072526464044
Некрасовка,55.7029,37.9264,msc,-5.466528744839502,19.38165357688498
Юго-Восточная,55.71,37.82,msc,-4.676039722193475,12.700625888965906
Окская,55.72,37.77,msc,-3.5626733413562492,9.561042384342647
Стахановская,55.73,37.76,msc,-2.4493051359368594,8.933125521095437
Нижегородская,55.73,37.73,msc,-2.4493051359368594,7.049374665522981
Лефортово,55.764444,37.702778,msc,1.3855942730330761,5.3400588511276945
Электрозаводская,55.782057,37.7053,msc,3.3465851930954793,5.498419542736317
Авиамоторная,55.751933,37.717444,msc,-0.0073482626206707894,6.2609620376946715
Лобня,56.0048,37.29057,msc,28.14676618760634,-20.543171790971375
Шереметьевская,55.983882,37.498752,msc,25.81771997167509,-7.47108372219722
Хлебниково,55.970682,37.504638,msc,24.348013287551804,-7.101491777374152
Водники,55.953419,37.511143,msc,22.42593121373015,-6.6930317555304715
Долгопрудная,55.938656,37.520542,msc,20.78220628573899,-6.10285252215539
Новодачная,55.924459,37.527877,msc,19.20150401699587,-5.642275347851589
Марк,55.904458,37.538242,msc,16.974587222548692,-4.99143927327988
Лианозово,55.897316,37.553261,msc,16.179396758866126,-4.048370531634966
Бескудниково,55.882713,37.567768,msc,14.553501253349893,-3.137451101950626
Дегунино,55.86586,37.573235,msc,12.677095960971062,-2.7941687789900604
Окружная,55.848889,37.571111,msc,10.787557829175753,-2.927538388821689
Тимирязевская,55.81866,37.574498,msc,7.421897134352253,-2.714862838367296
Савёловская,55.793936,37.587038,msc,4.66916893160579,-1.9274546756537123
Белорусская,55.775179,37.582303,msc,2.5808038155001967,-2.2247734697562374
Беговая,55.773505,37.545518,msc,2.3944244714343905,-4.534566774138751
Тестовская,55.754292,37.531551,msc,0.2552965067466362,-5.411578608582635
Фили,55.744263,37.514526,msc,-0.8613049079245974,-6.48060742160896
Славянский бульвар,55.729722,37.470556,msc,-2.480256796701509,-9.241558290333732
Кунцевская,55.730554,37.445591,msc,-2.3876244840205687,-10.809152582497283
Рабочий Посёлок,55.726957,37.415577,msc,-2.7881032739656657,-12.693781598574276
Сетунь,55.723713,37.397259,msc,-3.149279939633661,-13.84399902077073
Немчиновка,55.715668,37.374611,msc,-4.04498388155212,-15.26610394577936
Сколково,55.666801,37.424618,msc,-9.485650179065962,-12.126082219090392
Баковка,55.682816,37.315205,msc,-7.702605668376631,-18.996301716742696
Одинцово,55.67798,37.27773,msc,-8.24102659606801,-21.34941516395934
Нахабино,55.841522,37.185204,msc,9.967323328752348,-27.159259351297205
Аникеевка,55.832099,37.219829,msc,8.918177260932827,-24.985105743077277
Опалиха,55.82333,37.246843,msc,7.941848259992897,-23.28885669499075
Красногорская,55.814571,37.303337,msc,6.9666340446535475,-19.741512025651566
Павшино,55.815231,37.341461,msc,7.040117428093411,-17.34764586495497
Пенягино,55.822539,37.361049,msc,7.853779422535625,-16.117683892375098
Волоколамская,55.835154,37.382453,msc,9.258317297803362,-14.773691996771799
Трикотажная,55.833137,37.398967,msc,9.033746917236162,-13.736750894578023
Тушинская,55.825479,37.437024,msc,8.181114982146708,-11.347088827165305
Покровское-Стрешнево,55.814247,37.47678,msc,6.9305603865962935,-8.850742825117923
Стрешнево,55.813611,37.486944,msc,6.859749137455642,-8.212528071749961
Красный Балтиец,55.815514,37.526367,msc,7.0716262146363995,-5.737090827466977
Гражданская,55.805527,37.55315,msc,5.959689814263979,-4.055340411995984
Дмитровская,55.808056,37.581734,msc,6.241264405248804,-2.2605019582570707
Рижская,55.792494,37.636114,msc,4.508619442557489,1.154111842722758
Каланчёвская,55.77667,37.65111,msc,2.7468083997405963,2.095736485497404
Курская,55.757622,37.660767,msc,0.6260499995417415,2.7021161194654018
Москва Товарная,55.745358,37.688839,msc,-0.7393906937117944,4.46480518057509
Калитники,55.733981,37.702203,msc,-2.0060727456471183,5.30395361785866
Новохохловская,55.718523,37.719236,msc,-3.7271176706564817,6.373484773471554
Текстильщики,55.708934,37.731283,msc,-4.79472447076374,7.129936417831432
Люблино,55.676596,37.761639,msc,-8.395115550558994,9.036041098253706
Депо,55.674257,37.728446,msc,-8.655530257599485,6.951796361451483
Перерва,55.660809,37.716278,msc,-10.152773715069817,6.1877469088306265
Курьяново,55.649722,37.701667,msc,-11.387150932064822,5.270297261199218
Москворечье,55.641239,37.689789,msc,-12.331608867007605,4.524457308302772
Царицыно,55.618309,37.668846,msc,-14.884522298818922,3.2094104103154564
Покровское,55.814247,37.47678,msc,6.9305603865962935,-8.850742825117923
Красный строитель,55.589455,37.615093,msc,-18.0969711066657,-0.16583293718028716
Битца,55.571186,37.611443,msc,-20.130935211181253,-0.39502272151011947
Бутово,55.548279,37.555668,msc,-22.681258612774734,-3.8972308730813534
Щербинка,55.509724,37.562008,msc,-26.973711678252805,-3.499131393031647
Остафьево,55.50337,37.520055,msc,-27.68112047460926,-6.133432083103382
Силикатная,55.470278,37.555278,msc,-31.36533451222311,-3.9217196421009675
Подольск,55.431667,37.565,msc,-35.663967100428394,-3.3112585758791946
Крюково,55.979722,37.173611,msc,25.354539341469085,-27.88720014273068
Малино,55.969167,37.211667,msc,24.17933124579944,-25.4976096213759
Фирсановская,55.960278,37.251111,msc,23.18961943377487,-23.020862574635547
Сходня,55.949722,37.298611,msc,22.014303729361227,-20.0382649280341
Подрезково,55.941667,37.334722,msc,21.117453254983253,-17.770798416976746
Новоподрезково,55.936389,37.351667,msc,20.52979693615991,-16.70679477877789
Молжаниново,55.924167,37.380833,msc,19.168992605003563,-14.875414438518863
Химки,55.894444,37.450833,msc,15.859628466744223,-10.47999862310965
Левобережная,55.886944,37.468611,msc,15.024579665381676,-9.363688119430407
Ховрино,55.879444,37.486667,msc,14.18953188802932,-8.229921370922675
Грачёвская,55.869444,37.509167,msc,13.076136444642094,-6.817108160383557
Моссельмаш,55.862222,37.526389,msc,12.27204338780481,-5.73570940988795
Лихоборы,55.85,37.5525,msc,10.911255557141954,-4.096155026671503
Петровско-Разумовская,55.839722,37.568333,msc,9.766913257675624,-3.1019737814298276
Останкино,55.817222,37.603611,msc,7.2617923495624375,-0.8868074850016103
Рижская,55.796944,37.639167,msc,5.004073951698078,1.3458149673015853
Митьково,55.786389,37.6675,msc,3.8289009785483983,3.1248927584094366
Электрозаводская,55.781111,37.705278,msc,3.241259584627655,5.497038125132852
Сортировочная,55.763611,37.720833,msc,1.2928501085456525,6.473763125830877
Авиамоторная,55.750278,37.721944,msc,-0.19161148873213107,6.543524709214474
Андроновка,55.744444,37.741111,msc,-0.8411528795035187,7.747053233923066
Перово,55.735556,37.765,msc,-1.830716972608962,9.247083958733695
Плющево,55.730556,37.774167,msc,-2.387401810177126,9.822695326759906
Вешняки,55.721944,37.799167,msc,-3.346234705088224,11.39248720327754
Выхино,55.88,37.816667,msc,14.2514367281119,12.491341299427269
Косино,55.714167,37.8475,msc,-4.212100173056272,14.427396138374217
Ухтомская,55.698611,37.864167,msc,-5.94405047067982,15.473944220831449
Люберцы I,55.681667,37.896944,msc,-7.830530778574207,17.53206478165612
Панки,55.668889,37.9225,msc,-9.253181075912565,19.136766461380855
Томилино,55.655,37.954722,msc,-10.799522191423794,21.160035895665022
Красково,55.649722,37.9825,msc,-11.387150932064822,22.90425875302423
Малаховка,55.645,38.008333,msc,-11.912876706504015,24.52635127911293
Удельная,55.634444,38.043889,msc,-13.088131751055958,26.758964044861866
Быково,55.626667,38.070556,msc,-13.953984795359906,28.43342247199212
Ильинская,55.616389,38.100278,msc,-15.098285220565172,30.299707402193143
Отдых,55.601111,38.136944,msc,-16.799256735897217,32.6020136380648
Кратово,55.591667,38.16,msc,-17.85069949007204,34.04972896353349
Есенинская,55.581944,38.184167,msc,-18.933202858882265,35.56720436883501
Фабричная,55.572778,1.873333,spb,-486.2556409448557,-1577.7004743653997
Раменское,55.565278,55.565278,ekb,-141.71851209217536,-307.4522209194347
Ипподром,55.560278,38.238889,msc,-21.34536551961027,39.00326142390697
Железнодорожная,55.7525,38.008889,msc,0.05577999612299939,24.5612633376374
Ольгино,55.751667,37.978611,msc,-0.03696398692435244,22.660062583433145
Кучино,55.752222,37.954722,msc,0.02482822126152741,21.160035895665022
Салтыковская,55.757778,37.923056,msc,0.6434186365957548,19.17167857416262
Никольское,55.759722,37.897778,msc,0.8598586124874582,17.584432971076172
Реутово,55.751389,37.855833,msc,-0.0679157575603112,14.950638810801673
Новогиреево,55.744444,37.818333,msc,-0.8411528795035187,12.595952199278791
Кусково,55.739722,37.795278,msc,-1.3668868176560722,11.148290402010227
Девяткино,60.050182,30.443045,spb,12.41109553316049,7.158273499180907
Гражданский проспект,60.034969,30.418224,spb,10.716169400910937,5.770704258004622
Академическая,60.012806,30.396044,spb,8.246929878651,4.530774760216707
Политехническая,60.008942,30.370907,spb,7.8164320858990095,3.12553981190065
Площадь Мужества,59.999828,30.366159,spb,6.801019818834285,2.8601121200030404
Лесная,59.984947,30.344259,spb,5.1430954946212575,1.635835234295073
Выборгская,59.970925,30.347408,spb,3.580877659108487,1.8118739553291605
Площадь Ленина,59.955611,30.35605,spb,1.874719452611005,2.294988153378232
Чернышевская,59.94453,30.359919,spb,0.6401693029430104,2.511277068667705
Площадь Восстания,59.930279,30.361069,spb,-0.9475520355209212,2.5755655801733415
Владимирская,59.927628,30.347898,spb,-1.2429028063459666,1.8392664523200486
Пушкинская,59.92065,30.329599,spb,-2.0203287448449236,0.8162964335046865
Технологический институт 1,59.916512,30.318485,spb,-2.4813470597987473,0.19498986203984184
Балтийская,59.907211,30.299578,spb,-3.517578800897963,-0.8619692306036723
Нарвская,59.901218,30.274908,spb,-4.185262874328714,-2.2410976091688974
Кировский завод,59.879688,30.261921,spb,-6.583929295364041,-2.967110562396689
Автово,59.867325,30.261337,spb,-7.961292793909234,-2.9997579449063334
Ленинский проспект,59.85117,30.268274,spb,-9.761119598904482,-2.6119584679051635
Проспект Ветеранов,59.84211,30.250588,spb,-10.770491273375697,-3.6006598423804754
Парнас,60.06699,30.333839,spb,14.283729986412174,1.0533253923680774
Проспект Просвещения,60.051456,30.332544,spb,12.55303588715785,0.9809309345165483
Озерки,60.037098,30.321495,spb,10.953367464240172,0.3632580628367069
Удельная,60.016697,30.315607,spb,8.680436064502576,0.034100864637999564
Пионерская,60.002487,30.296759,spb,7.097265143491492,-1.0195599464016787
Чёрная речка,59.985455,30.300833,spb,5.199692808862523,-0.7918108947778502
Петроградская,59.966389,30.311293,spb,3.0755139402066907,-0.20706492230103604
Горьковская,59.956112,30.31889,spb,1.9305366326388307,0.21763060002861026
Невский проспект,59.935421,30.327052,spb,-0.37467592555551466,0.6739113485993977
Сенная площадь,59.927135,30.320316,spb,-1.2978284551749089,0.2973483589540078
Технологический институт 2,59.916512,30.318485,spb,-2.4813470597987473,0.19498986203984184
Фрунзенская,59.906273,30.31745,spb,-3.622082038476653,0.13713019828320205
Московские ворота,59.891788,30.317873,spb,-5.235864140987733,0.16077719129791665
Электросила,59.879189,30.318659,spb,-6.639523003142131,0.20471699391678602
Парк Победы,59.866344,30.321802,spb,-8.070586024785365,0.38042030124796106
Московская,59.848873,30.321483,spb,-10.017027759597145,0.3625872261562077
Звёздная,59.833241,30.349428,spb,-11.758582344067944,1.924798126433952
Купчино,59.829781,30.375702,spb,-12.144058934339627,3.393594943171828
Беговая,59.98723,30.20247,spb,5.397449207042869,-6.2906025134185946
Приморская,59.948521,30.23447,spb,1.0848121131777146,-4.501705176100593
Василеостровская,59.942577,30.278254,spb,0.42258298015030193,-2.0540459890483325
Гостиный двор,59.933933,30.33341,spb,-0.5404557562666092,1.029342981245092
Маяковская,59.931366,30.354645,spb,-0.8264481579106256,2.2164443622447547
Площадь Александра Невского 1,59.924369,30.384989,spb,-1.6059913493861813,3.912766568181031
Елизаровская,59.89669,30.423656,spb,-4.689729928171218,6.074369565219829
Ломоносовская,59.877342,30.441715,spb,-6.845297672175885,7.083922468069574
Пролетарская,59.865,30.47,spb,-8.220321066761942,8.665139531327483
Обухово,59.848709,30.457743,spb,-10.035298952654017,7.979936197732851
Рыбацкое,59.830986,30.501259,spb,-12.009810607426944,10.412611728090628
Зенит,59.972222,30.211667,spb,3.725378769162005,-5.776462271101937
Спасская,59.927135,30.320316,spb,-1.2978284551749089,0.2973483589540078
Достоевская,59.928234,30.346029,spb,-1.1753877029264463,1.7347836422369887
Лиговский проспект,59.920811,30.355055,spb,-2.0023915836349815,2.2393646144877795
Площадь Александра Невского 2,59.923563,30.383421,spb,-1.6957886107608138,3.825110587119377
Новочеркасская,59.929092,30.411915,spb,-1.0797970012587699,5.418011973531124
Ладожская,59.93243,30.439274,spb,-0.7079067163760764,6.947463167762359
Проспект Большевиков,59.919838,30.466757,spb,-2.110794420742048,8.48384603983342
Улица Дыбенко,59.907417,30.483311,spb,-3.4946281944764435,9.409264565197722
Комендантский проспект,60.008591,30.258663,spb,7.777326320710651,-3.1492427058479757
Старая Деревня,59.989433,30.255163,spb,5.642890039385771,-3.3449033857580126
Крестовский остров,59.971821,30.259436,spb,3.6807026326210273,-3.1060296468119333
Чкаловская,59.961033,30.292006,spb,2.4787930330486163,-1.2852671720610382
Спортивная,59.952026,30.291338,spb,1.4753092171193511,-1.3226104134132546
Адмиралтейская,59.935867,30.31523,spb,-0.3249865334735048,0.013025412230541572
Садовая,59.926739,30.317753,spb,-1.3419472289286698,0.15406882448540846
Звенигородская,59.92065,30.329599,spb,-2.0203287448449236,0.8162964335046865
Обводный Канал,59.914686,30.34815,spb,-2.6847832752495093,1.8533540221912967
Волковская,59.896023,30.35754,spb,-4.764040747807474,2.378283703835216
Бухарестская,59.883769,30.368932,spb,-6.129263962929408,3.015131284252776
Международная,59.870203,30.379289,spb,-7.640654658040591,3.594119185509112
Дунайская,59.839889,30.410667,spb,-11.017931952634745,5.34824497711675
Проспект Славы,59.856704,30.395402,spb,-9.144577757531806,4.494885004432424
Шушары,59.819973,30.432718,spb,-13.2367614078068,6.580962880572142
Проспект Космонавтов,56.900393,60.613878,ekb,6.941248939018306,0.6242142248802662
Уралмаш,56.887674,60.614165,ekb,5.524886847685861,0.641731530267304
Машиностроителей,56.878517,60.61218,ekb,4.505183662615893,0.5205752542792115
Уральская,56.858056,60.600816,ekb,2.2266975786478667,-0.17303679759990356
Динамо,56.847818,60.599406,ekb,1.0866221763566402,-0.25909742707119315
Площадь 1905 года,56.837982,60.59734,ekb,-0.008685843671448923,-0.38519761176219586
Геологическая,56.826715,60.603754,ekb,-1.2633436784273555,0.006286698467219225
Чкаловская,56.808502,60.610698,ekb,-3.2914814982253073,0.43012003959011863
Ботаническая,56.797487,60.633362,ekb,-4.518071594023578,1.813437831920639
Заельцовская,55.059291,82.912569,nsk,3.650658423174904,-0.5684049192551053
Гагаринская,55.051071,82.91477,nsk,2.7355706545053184,-0.42764668048783644
Красный проспект,55.040998,82.917447,nsk,1.61420019766921,-0.25644731406855975
Площадь Ленина,55.029941,82.92069,nsk,0.3832887034244794,-0.049051144618132196
Октябрьская,55.018789,82.939007,nsk,-0.8581963084286034,1.1223566959338076
Речной вокзал,55.008738,82.93827,nsk,-1.9771116576810106,1.075224110131446
Студенческая,54.989089,82.906631,nsk,-4.1645073088641,-0.9481515889698303
Площадь Маркса,54.982931,82.89313,nsk,-4.850036020958852,-1.8115668371373856
Площадь Гарина-Михайловского,55.035947,82.897783,nsk,1.0519014688296349,-1.5139984252062828
Сибирская,55.042163,82.919172,nsk,1.7438930022118004,-0.146130202668231
Маршала Покрышкина,55.043634,82.935566,nsk,1.9076510769398562,0.9022980420296931
Березовая роща,55.043242,82.952913,nsk,1.8640119396042414,2.0116724798999392
Золотая нива,55.037928,82.976044,nsk,1.272434729392966,3.490944932533194
Горьковская,56.313933,43.99482,nng,-1.4323760215707488,-0.7235760816606649
Московская,56.321097,43.945799,nng,-0.6346819088524761,-3.756272877845801
Чкаловская,56.310637,43.936933,nng,-1.7993773561300883,-4.3047702127059075
Ленинская,56.297798,43.937328,nng,-3.2289659349664865,-4.280333438055552
Заречная,56.285144,43.927528,nng,-4.637952335243658,-4.8866128994823175
Двигатель Революции,56.277093,43.922012,nng,-5.5344064537299404,-5.227861614223745
Пролетарская,56.266922,43.914143,nng,-6.666914382035059,-5.714679245742745
Автозаводская,56.257243,43.902357,nng,-7.744637963289363,-6.443823015787705
Комсомольская,56.252662,43.889888,nng,-8.25471607056127,-7.215220696225567
Кировская,56.247426,43.876719,nng,-8.8377256399174,-8.029923980453832
Парк Культуры,56.242034,43.85816,nng,-9.4381047232733,-9.178080756760403
Стрелка,56.3343,43.9597,nng,0.8354427140741034,-2.8962839626461103
Московская,56.321097,43.945799,nng,-0.6346819088524761,-3.756272877845801
Канавинская,56.320273,43.927438,nng,-0.7264323677432645,-4.892180771977263
Бурнаковская,56.325704,43.911897,nng,-0.12170308526911364,-5.853628587971327
Буревестник,56.333834,43.892799,nng,0.7835545990107444,-7.035130986975299
Авиастроительная ,55.828897,49.081403,kzn,3.6485598992927435,-1.5687104573053092
Северный вокзал,55.841519,49.081778,kzn,5.053878608386716,-1.5451901496310756
Яшьлек (Юность),55.827843,49.082905,kzn,3.531208904040519,-1.4745037848998859
Козья слобода,55.817608,49.097646,kzn,2.3916583091809174,-0.5499361622956301
Кремлевская,55.795206,49.105426,kzn,-0.10254239858594905,-0.061968171613329036
Площадь Тукая,55.787163,49.122126,kzn,-0.9980341538852694,0.9854695448488032
Суконная слобода,55.777094,49.142275,kzn,-2.1190950906777255,2.2492313536788555
Аметьево,55.765346,49.165083,kzn,-3.42708996200598,3.679767764953253
Горки,55.760763,49.189679,kzn,-3.937349791668482,5.222448885488389
Проспект Победы,55.750109,49.207735,kzn,-5.1235381926015116,6.354935785935768
Дубравная,55.7425,49.2197,kzn,-5.9707030172450875,7.105390189563023
